clickNum,imgSrc,title
1210,http://img1qn.moko.cc/2018-08-01/95621930-456c-46ad-b361-4b8ba9133042.jpg,客样
1358,http://img1qn.moko.cc/2018-08-01/19855ada-b543-49db-80c0-a886549f915a.jpg,August Sea  / 8
1035,http://img1qn.moko.cc/2018-08-01/92b3b6bd-6b8b-417e-ab33-f2fe80b6b683.jpg,美轮美奂
1357,http://img1qn.moko.cc/2018-08-01/6e25ecb8-7a33-4c9e-b18c-76c1522bd555.jpg,新品发布-夏日丛林
1019,http://img1qn.moko.cc/2018-08-01/49a15e8d-61fd-422a-ae64-83553467c59a.jpg,新派修图培训
2296,http://img1qn.moko.cc/2018-07-25/0a75322e-fe4f-4f27-a1c2-fe7ac96cf661.jpg,城市旅拍系列
2086,http://img1qn.moko.cc/2018-07-25/3abe297d-1a47-4254-9c13-b1eba4058250.jpg,客 片  修饰效果
1998,http://img1qn.moko.cc/2018-07-25/92c2f2d3-d427-4206-a08e-cb55553b4832.jpg,|落入凡间的精灵|
1860,http://img1qn.moko.cc/2018-07-25/1b9451d3-44de-4d17-9819-2b0d137a8dcf.jpg,中式
2021,http://img1qn.moko.cc/2018-07-25/2c2d4ed6-137a-4444-8e8e-972f757eff18.jpg,轻复古
2070,http://img.mb.moko.cc/2018-07-25/927bb55b-3a26-4eac-91e3-547d033bca39.jpg,旅拍了解下
1196,http://img1qn.moko.cc/2018-07-25/4034870c-f78e-4373-aa68-59f77b49edba.jpg,喜娘妆面
1657,http://img1qn.moko.cc/2018-07-25/98365855-37d7-43f7-bb5f-d29d8a37c731.jpg,夜景
1770,http://img1qn.moko.cc/2018-07-25/7b147f30-70db-463a-a793-22679bcb1381.jpg,妆面
1703,http://img1qn.moko.cc/2018-07-25/451efa31-c1b6-4fce-8389-41af497f9849.jpg,唯美
2180,http://img1qn.moko.cc/2018-05-25/bad57c81-fa23-4050-86e7-fc33de29dce5.jpg,柚修图写真客片作品一组赏析
1652,http://img1qn.moko.cc/2018-05-28/528947f2-61ef-4825-8326-959521a91ba4.jpg,柚修图婚纱客片作品一组赏析
2236,http://img1qn.moko.cc/2018-05-28/2a68b29b-f6df-4b98-8ac2-cb3f6a28f8e9.jpg,柚修图婚纱客片作品一组赏析
2216,http://img1qn.moko.cc/2018-05-28/53121e0b-6dd5-4812-bf51-5033f559851e.jpg,柚修图婚纱客片作品一组赏析。
1832,http://img1qn.moko.cc/2018-06-04/b123f8f1-0faa-4801-b599-2c1dc1353bc8.jpg,2018-06-04
1986,http://img1qn.moko.cc/2018-06-04/ef1ad6c2-2225-4035-ad1f-b7d955cce4d7.jpg,摄影师原创——王森
2594,http://img1qn.moko.cc/2018-06-04/a071a902-9024-4da7-b203-baca20ca122b.jpg,新派修图培训机构
1862,http://img1qn.moko.cc/2018-06-04/41e9dea0-4e69-48f5-ac4f-50171a79a263.jpg,长城
5354,http://img1qn.moko.cc/2018-07-25/8f894b31-7cf7-4b4f-aa52-aae7907bcc4e.jpg,西瓜
1772,http://img1qn.moko.cc/2018-06-04/9d0889d7-7973-48f9-8fb6-829e625fc8ee.jpg,石榴
1201,http://img1qn.moko.cc/2018-06-04/cb15903a-c311-4986-9052-450bcdde1397.jpg,菠萝
1509,http://img1qn.moko.cc/2018-06-05/07dff36a-aea8-421e-93e8-49fddb3f2887.jpg,客样
1678,http://img1qn.moko.cc/2018-06-05/b481f6d6-dd93-440c-86df-f2cdba56f811.jpg,样片
1427,http://img1qn.moko.cc/2018-06-05/78eba1a9-b2d5-4c25-9b64-e6bc161cfb9d.jpg,客样
2983,http://img1qn.moko.cc/2018-06-05/d498f729-06c6-47fe-a35a-1ee53ab10aad.jpg,婚纱样片
1688,http://img1qn.moko.cc/2018-06-05/11ebe636-c560-43fb-9441-5ae08e41a589.jpg,6.5
1924,http://img1qn.moko.cc/2018-06-05/069c9631-4b88-4e31-8a60-3b907fac53ee.jpg,6.5
2633,http://img1qn.moko.cc/2018-06-05/70dfbbe9-64dc-4018-9fa9-33aedf40b5af.jpg,厦门站
1753,http://img1qn.moko.cc/2018-06-05/06bae198-4ee5-42de-a3ab-a7a79e9e6395.jpg,新派修图培训机构
1019,http://img1qn.moko.cc/2018-06-05/bf54c679-7fa6-46e9-9735-6bbcf0190d3d.jpg,SWEET
1753,http://img1qn.moko.cc/2018-07-25/c313be8c-4f89-408d-9796-f9faeb1db9fa.jpg,安静不过如此
1403,http://img1qn.moko.cc/2018-06-06/acb3234b-8c95-4068-ae37-26b877ab73cc.jpg,客片
1414,http://img1qn.moko.cc/2018-06-06/cef9f8e7-2381-43bd-bd7a-ed03d023b26e.jpg,客片
1709,http://img1qn.moko.cc/2018-06-06/8a620da3-6342-4a3d-918c-393c946eb587.jpg,客片
1984,http://img1qn.moko.cc/2018-06-06/4ae2af6a-8d92-4f55-8931-665858b01ecf.jpg,新派修图培训机构
1526,http://img1qn.moko.cc/2018-06-06/b5a5009b-9679-4e59-823d-3ab6f50ff182.jpg,桃
1205,http://img1qn.moko.cc/2018-06-06/eb5519b4-b41f-4aa2-94de-5a590c3ed6c0.jpg,葡萄紫
1826,http://img1qn.moko.cc/2018-06-07/45f2589a-ed5f-4dda-a610-610739317d6c.jpg,客片
2295,http://img1qn.moko.cc/2018-06-07/6b939f78-9a7d-4810-bbd4-cecbd9e809dc.jpg,婚纱照
2871,http://img1qn.moko.cc/2018-06-07/2ed7f608-1b8f-41bd-b1cd-ab13e62689da.jpg,婚纱照
2129,http://img1qn.moko.cc/2018-06-07/793d488d-c416-43f1-87c9-1a69d3d76b8d.jpg,孕妇照
1948,http://img1qn.moko.cc/2018-06-07/4d06def2-1fa2-4cb6-a45f-f8659a967a8d.jpg,婚纱照
1577,http://img1qn.moko.cc/2018-06-07/f243d395-b329-44b0-9f6d-1359dba80613.jpg,张楚鹏作品:
